manager,Daniel,Chris,Marshall,Joe,Dylan,Elijah,Luke,Jake,Liam,Bryce,Zack,Lenny
Daniel,,0.5161,0.4817,0.4798,0.5531,0.476,0.4353,0.4404,0.461,0.4414,0.4427,0.4615
Chris,0.4839,,0.466,0.464,0.5362,0.461,0.4209,0.4259,0.4459,0.4269,0.4279,0.4464
Marshall,0.5183,0.534,,0.4982,0.5707,0.4936,0.4534,0.4584,0.479,0.4594,0.461,0.4796
Joe,0.5202,0.536,0.5018,,0.5732,0.4952,0.4547,0.4597,0.4806,0.4607,0.4624,0.4812
Dylan,0.4469,0.4638,0.4293,0.4268,,0.4257,0.3849,0.3901,0.4098,0.3913,0.3916,0.4102
Elijah,0.524,0.539,0.5064,0.5048,0.5743,,0.4614,0.4662,0.4861,0.4671,0.4689,0.4867
Luke,0.5647,0.5791,0.5466,0.5453,0.6151,0.5386,,0.5047,0.5253,0.5055,0.508,0.526
Jake,0.5596,0.5741,0.5416,0.5403,0.6099,0.5338,0.4953,,0.5205,0.5009,0.5032,0.5212
Liam,0.539,0.5541,0.521,0.5194,0.5902,0.5139,0.4747,0.4795,,0.4804,0.4824,0.5006
Bryce,0.5586,0.5731,0.5406,0.5393,0.6087,0.5329,0.4945,0.4991,0.5196,,0.5024,0.5203
Zack,0.5573,0.5721,0.539,0.5376,0.6084,0.5311,0.492,0.4968,0.5176,0.4976,,0.5183
Lenny,0.5385,0.5536,0.5204,0.5188,0.5898,0.5133,0.474,0.4788,0.4994,0.4797,0.4817,
