season,manager,final_rank,win_pct,points_for,draft_value,draft_skill,injury_luck,pickups
2024,Lenny,5,0.5714,2236,-197.1,-147.8,-49.22,39
2024,Nick,12,0.2381,1932,-195.9,-221.1,25.24,14
2024,Gabriel,10,0.3333,1983,-97.17,-53.32,-43.85,
2024,Garrett,3,0.6667,2430,348.3,368.9,-20.64,8
2024,Joe,6,0.6667,2283,-322.6,-252.3,-70.32,36
2024,Zack,2,0.5238,2206,198.4,85.23,113.2,29
2024,Chris,9,0.4762,2208,363.8,261,102.8,
2024,Dylan,7,0.5238,2366,111.2,217.8,-106.5,15
2024,Luke,8,0.6667,2333,-20.5,62.8,-83.3,45
2024,Elijah,11,0.2381,1849,-337.8,-378.7,40.87,6
2024,Daniel,1,0.5238,2308,343.6,218.9,124.7,25
2024,Bryce,4,0.5714,2300,117.7,150.6,-32.93,35
2025,Lenny,5,0.5714,2410,118.3,92.13,26.22,28
2025,Nick,3,0.5714,2316,6.235,-69.86,76.1,3
2025,Garrett,12,0.2857,1880,-284.7,-33.47,-251.2,8
2025,Joe,1,0.8571,2520,658.7,474.9,183.8,31
2025,Zack,6,0.4762,2276,169,150.8,18.23,3
2025,Chris,9,0.3333,2153,-40.77,165.1,-205.9,
2025,Dylan,7,0.5714,2221,-224.8,-290.9,66.16,11
2025,Luke,10,0.4286,2176,188.7,73.05,115.6,36
2025,Elijah,4,0.7619,2397,360.2,215.3,144.9,4
2025,Liam,11,0.09524,1817,-419.6,-401.1,-18.46,17
2025,Daniel,2,0.619,2352,118.1,213.7,-95.57,22
2025,Bryce,8,0.4286,2232,-29.1,30.85,-59.95,37
2026,Lenny,5,0.6667,2302,146,200.1,-54.09,30
2026,Nick,6,0.619,2112,-55.3,-13.03,-42.27,
2026,Jake,10,0.3333,2014,-396.3,-312.2,-84.13,8
2026,Joe,8,0.7143,2309,-63.17,-63.22,0.05469,45
2026,Zack,3,0.4762,2225,95.1,67.11,28,4
2026,Chris,4,0.4286,2253,-76.27,-30.02,-46.25,9
2026,Dylan,1,0.5714,2263,-15.84,-15.21,-0.6303,12
2026,Luke,9,0.4286,2243,-2.851,-94.48,91.63,23
2026,Marshall,11,0.2381,1963,-309.7,-336.6,26.98,12
2026,Elijah,12,0.4286,2138,-82.78,-98.82,16.04,3
2026,Liam,7,0.5714,2258,43.13,-62.55,105.7,1
2026,Daniel,2,0.5238,2219,-214.5,-173.5,-41.01,25
