season,win_pct,final_rank,value_added_all,draft_skill,injury_luck,first_goalie_round,d_share_r1_6,reach_early,pickups,top_count,manager
2024,0.5714,5,-197.1,-147.8,-49.22,12,0,0.06226,39,3,Manager I
2024,0.2381,12,-195.9,-221.1,25.24,8,0.5,0.1391,14,4,Manager H
2024,0.3333,10,-97.17,-53.32,-43.85,6,0.6667,0.2035,,4,Manager C
2024,0.6667,3,348.3,368.9,-20.64,1,0,0.2468,8,4,Manager F
2024,0.6667,6,-322.6,-252.3,-70.32,1,0,0.3803,36,3,Manager K
2024,0.5238,2,198.4,85.23,113.2,15,0.1667,0.1809,29,3,Manager B
2024,0.4762,9,363.8,261,102.8,13,0.5,-0.007248,,3,Manager D
2024,0.5238,7,111.2,217.8,-106.5,2,0.3333,0.1818,15,3,Manager E
2024,0.6667,8,-20.5,62.8,-83.3,3,0.1667,0.09798,45,3,Luke (author)
2024,0.2381,11,-337.8,-378.7,40.87,12,0.1667,0.06165,6,3,Manager J
2024,0.5238,1,343.6,218.9,124.7,3,0.3333,0.1439,25,4,Manager A
2024,0.5714,4,117.7,150.6,-32.93,8,0.1667,0.03269,35,3,Manager G
2025,0.5714,5,118.3,92.13,26.22,8,0,-0.02252,28,3,Manager I
2025,0.5714,3,6.235,-69.86,76.1,7,0.1667,0.5169,3,5,Manager H
2025,0.2857,12,-284.7,-33.47,-251.2,17,0.3333,0.3862,8,2,Manager F
2025,0.8571,1,658.7,474.9,183.8,1,0.1667,0.2746,31,3,Manager K
2025,0.4762,6,169,150.8,18.23,1,0,0.0655,3,2,Manager B
2025,0.3333,9,-40.77,165.1,-205.9,3,0,-0.08857,,4,Manager D
2025,0.5714,7,-224.8,-290.9,66.16,5,0.3333,0.3303,11,4,Manager E
2025,0.4286,10,188.7,73.05,115.6,2,0.1667,0.2995,36,4,Luke (author)
2025,0.7619,4,360.2,215.3,144.9,2,0.1667,0.2372,4,3,Manager J
2025,0.09524,11,-419.6,-401.1,-18.46,2,0.3333,0.1369,17,3,Manager L
2025,0.619,2,118.1,213.7,-95.57,1,0,0.2659,22,3,Manager A
2025,0.4286,8,-29.1,30.85,-59.95,7,0.1667,0.3016,37,5,Manager G
2026,0.6667,5,146,200.1,-54.09,12,0,0.013,30,3,Manager I
2026,0.619,6,-55.3,-13.03,-42.27,15,0,-0.1714,,4,Manager H
2026,0.3333,10,-396.3,-312.2,-84.13,1,0.1667,0.09949,8,3,Manager N
2026,0.7143,8,-63.17,-63.22,0.05469,3,0.1667,0.06864,45,5,Manager K
2026,0.4762,3,95.1,67.11,28,6,0.5,0.03711,4,4,Manager B
2026,0.4286,4,-76.27,-30.02,-46.25,7,0.3333,-0.007855,9,3,Manager D
2026,0.5714,1,-15.84,-15.21,-0.6303,2,0,-0.1956,12,3,Manager E
2026,0.4286,9,-2.851,-94.48,91.63,9,0.1667,0.04442,23,7,Luke (author)
2026,0.2381,11,-309.7,-336.6,26.98,3,0,0.3913,12,2,Manager M
2026,0.4286,12,-82.78,-98.82,16.04,2,0,-0.0664,3,3,Manager J
2026,0.5714,7,43.13,-62.55,105.7,2,0,-0.2159,1,3,Manager L
2026,0.5238,2,-214.5,-173.5,-41.01,1,0.1667,0.1028,25,3,Manager A
