week,home,away,home_pts,away_pts,status
1,Bryce,Luke,51.1,31.4,in progress
1,Liam,Jake,26,35.3,in progress
1,Elijah,Dylan,26.3,36.9,in progress
1,Marshall,Zack,31.6,24.9,in progress
1,Lenny,Joe,29.5,23.3,in progress
1,Chris,Daniel,15.3,34.2,in progress
2,Luke,Jake,,,upcoming
2,Dylan,Bryce,,,upcoming
2,Zack,Liam,,,upcoming
2,Joe,Elijah,,,upcoming
2,Daniel,Marshall,,,upcoming
2,Chris,Lenny,,,upcoming
3,Dylan,Luke,,,upcoming
3,Jake,Zack,,,upcoming
3,Bryce,Joe,,,upcoming
3,Liam,Daniel,,,upcoming
3,Elijah,Chris,,,upcoming
3,Marshall,Lenny,,,upcoming
4,Luke,Zack,,,upcoming
4,Joe,Dylan,,,upcoming
4,Daniel,Jake,,,upcoming
4,Chris,Bryce,,,upcoming
4,Lenny,Liam,,,upcoming
4,Marshall,Elijah,,,upcoming
5,Joe,Luke,,,upcoming
5,Zack,Daniel,,,upcoming
5,Dylan,Chris,,,upcoming
5,Jake,Lenny,,,upcoming
5,Bryce,Marshall,,,upcoming
5,Liam,Elijah,,,upcoming
6,Luke,Daniel,,,upcoming
6,Chris,Joe,,,upcoming
6,Lenny,Zack,,,upcoming
6,Marshall,Dylan,,,upcoming
6,Elijah,Jake,,,upcoming
6,Liam,Bryce,,,upcoming
7,Chris,Luke,,,upcoming
7,Daniel,Lenny,,,upcoming
7,Joe,Marshall,,,upcoming
7,Zack,Elijah,,,upcoming
7,Dylan,Liam,,,upcoming
7,Jake,Bryce,,,upcoming
8,Luke,Lenny,,,upcoming
8,Marshall,Chris,,,upcoming
8,Elijah,Daniel,,,upcoming
8,Liam,Joe,,,upcoming
8,Bryce,Zack,,,upcoming
8,Jake,Dylan,,,upcoming
9,Marshall,Luke,,,upcoming
9,Lenny,Elijah,,,upcoming
9,Chris,Liam,,,upcoming
9,Daniel,Bryce,,,upcoming
9,Joe,Jake,,,upcoming
9,Zack,Dylan,,,upcoming
10,Luke,Elijah,,,upcoming
10,Liam,Marshall,,,upcoming
10,Bryce,Lenny,,,upcoming
10,Jake,Chris,,,upcoming
10,Dylan,Daniel,,,upcoming
10,Zack,Joe,,,upcoming
11,Liam,Luke,,,upcoming
11,Elijah,Bryce,,,upcoming
11,Marshall,Jake,,,upcoming
11,Lenny,Dylan,,,upcoming
11,Chris,Zack,,,upcoming
11,Daniel,Joe,,,upcoming
12,Luke,Bryce,,,upcoming
12,Jake,Liam,,,upcoming
12,Dylan,Elijah,,,upcoming
12,Zack,Marshall,,,upcoming
12,Joe,Lenny,,,upcoming
12,Daniel,Chris,,,upcoming
13,Jake,Luke,,,upcoming
13,Bryce,Dylan,,,upcoming
13,Liam,Zack,,,upcoming
13,Elijah,Joe,,,upcoming
13,Marshall,Daniel,,,upcoming
13,Lenny,Chris,,,upcoming
14,Luke,Dylan,,,upcoming
14,Zack,Jake,,,upcoming
14,Joe,Bryce,,,upcoming
14,Daniel,Liam,,,upcoming
14,Chris,Elijah,,,upcoming
14,Lenny,Marshall,,,upcoming
15,Zack,Luke,,,upcoming
15,Dylan,Joe,,,upcoming
15,Jake,Daniel,,,upcoming
15,Bryce,Chris,,,upcoming
15,Liam,Lenny,,,upcoming
15,Elijah,Marshall,,,upcoming
16,Luke,Joe,,,upcoming
16,Daniel,Zack,,,upcoming
16,Chris,Dylan,,,upcoming
16,Lenny,Jake,,,upcoming
16,Marshall,Bryce,,,upcoming
16,Elijah,Liam,,,upcoming
17,Daniel,Luke,,,upcoming
17,Joe,Chris,,,upcoming
17,Zack,Lenny,,,upcoming
17,Dylan,Marshall,,,upcoming
17,Jake,Elijah,,,upcoming
17,Bryce,Liam,,,upcoming
18,Luke,Chris,,,upcoming
18,Lenny,Daniel,,,upcoming
18,Marshall,Joe,,,upcoming
18,Elijah,Zack,,,upcoming
18,Liam,Dylan,,,upcoming
18,Bryce,Jake,,,upcoming
19,Lenny,Luke,,,upcoming
19,Chris,Marshall,,,upcoming
19,Daniel,Elijah,,,upcoming
19,Joe,Liam,,,upcoming
19,Zack,Bryce,,,upcoming
19,Dylan,Jake,,,upcoming
20,Luke,Marshall,,,upcoming
20,Elijah,Lenny,,,upcoming
20,Liam,Chris,,,upcoming
20,Bryce,Daniel,,,upcoming
20,Jake,Joe,,,upcoming
20,Dylan,Zack,,,upcoming
21,Elijah,Luke,,,upcoming
21,Marshall,Liam,,,upcoming
21,Lenny,Bryce,,,upcoming
21,Chris,Jake,,,upcoming
21,Daniel,Dylan,,,upcoming
21,Joe,Zack,,,upcoming
22,Luke,Liam,,,upcoming
22,Bryce,Elijah,,,upcoming
22,Jake,Marshall,,,upcoming
22,Dylan,Lenny,,,upcoming
22,Zack,Chris,,,upcoming
22,Joe,Daniel,,,upcoming
23,Bryce,Luke,,,upcoming
23,Liam,Jake,,,upcoming
23,Elijah,Dylan,,,upcoming
23,Marshall,Zack,,,upcoming
23,Lenny,Joe,,,upcoming
23,Chris,Daniel,,,upcoming
24,Luke,Jake,,,upcoming
24,Dylan,Bryce,,,upcoming
24,Zack,Liam,,,upcoming
24,Joe,Elijah,,,upcoming
24,Daniel,Marshall,,,upcoming
24,Chris,Lenny,,,upcoming
