manager,x,y,group
Lenny,0.2564,0.1379,Patient Builders
Nick,0.12,0.349,Patient Builders
Gabriel,0.2007,0.1984,Patient Builders
Garrett,0.4908,0.01678,Patient Builders
Jake,-0.3345,-0.1135,Goalie Grabbers
Joe,0.1629,-0.5132,Aggressive Reachers
Zack,-0.01964,0.04126,Goalie Grabbers
Chris,-0.3713,0.2575,Goalie Grabbers
Dylan,-0.1978,-0.01688,Goalie Grabbers
Luke,0.1294,0.1113,Patient Builders
Marshall,0.1476,-0.614,Aggressive Reachers
Elijah,-0.1938,0.0861,Goalie Grabbers
Liam,-0.3773,-0.05219,Goalie Grabbers
Daniel,-0.1509,-0.1781,Goalie Grabbers
Bryce,0.2857,0.2092,Patient Builders
