a,b,w
Lenny,Nick,0.5477
Lenny,Gabriel,0.3859
Lenny,Garrett,0.6466
Lenny,Jake,0.53
Lenny,Joe,0.4863
Lenny,Zack,0.7806
Lenny,Chris,0.5091
Lenny,Dylan,0.5525
Lenny,Luke,0.63
Lenny,Marshall,0.3672
Lenny,Elijah,0.6986
Lenny,Liam,0.5147
Lenny,Daniel,0.6065
Lenny,Bryce,0.7895
Nick,Gabriel,0.5257
Nick,Garrett,0.5186
Nick,Jake,0.4453
Nick,Joe,0.3684
Nick,Zack,0.645
Nick,Chris,0.6203
Nick,Dylan,0.6625
Nick,Luke,0.7006
Nick,Marshall,0.3048
Nick,Elijah,0.6883
Nick,Liam,0.4562
Nick,Daniel,0.5571
Nick,Bryce,0.613
Gabriel,Garrett,0.4228
Gabriel,Jake,0.4503
Gabriel,Joe,0.4685
Gabriel,Zack,0.6139
Gabriel,Chris,0.3766
Gabriel,Dylan,0.494
Gabriel,Luke,0.6611
Gabriel,Marshall,0.2286
Gabriel,Elijah,0.5401
Gabriel,Liam,0.4135
Gabriel,Daniel,0.5565
Gabriel,Bryce,0.6131
Garrett,Jake,0.3407
Garrett,Joe,0.5244
Garrett,Zack,0.5765
Garrett,Chris,0.3407
Garrett,Dylan,0.5405
Garrett,Luke,0.5231
Garrett,Marshall,0.404
Garrett,Elijah,0.4891
Garrett,Liam,0.3261
Garrett,Daniel,0.4635
Garrett,Bryce,0.6912
Jake,Joe,0.5814
Jake,Zack,0.8345
Jake,Chris,0.6725
Jake,Dylan,0.7519
Jake,Luke,0.6952
Jake,Marshall,0.4166
Jake,Elijah,0.8673
Jake,Liam,0.7971
Jake,Daniel,0.946
Jake,Bryce,0.568
Joe,Zack,0.6596
Joe,Chris,0.3353
Joe,Dylan,0.6346
Joe,Luke,0.6171
Joe,Marshall,0.6757
Joe,Elijah,0.6278
Joe,Liam,0.5566
Joe,Daniel,0.7219
Joe,Bryce,0.531
Zack,Chris,0.7197
Zack,Dylan,0.795
Zack,Luke,0.8209
Zack,Marshall,0.4722
Zack,Elijah,0.9132
Zack,Liam,0.7329
Zack,Daniel,0.8909
Zack,Bryce,0.7624
Chris,Dylan,0.8078
Chris,Luke,0.5041
Chris,Marshall,0.2563
Chris,Elijah,0.7993
Chris,Liam,0.7448
Chris,Daniel,0.629
Chris,Bryce,0.5061
Dylan,Luke,0.6605
Dylan,Marshall,0.4784
Dylan,Elijah,0.8704
Dylan,Liam,0.8191
Dylan,Daniel,0.8059
Dylan,Bryce,0.6217
Luke,Marshall,0.3685
Luke,Elijah,0.8077
Luke,Liam,0.5291
Luke,Daniel,0.8219
Luke,Bryce,0.69
Marshall,Elijah,0.4216
Marshall,Liam,0.3889
Marshall,Daniel,0.5401
Marshall,Bryce,0.3378
Elijah,Liam,0.8357
Elijah,Daniel,0.9005
Elijah,Bryce,0.7386
Liam,Daniel,0.764
Liam,Bryce,0.5899
Daniel,Bryce,0.6661
