manager,slot,weekly_pts,weekly_sd,sd_sim,draft_weekly_pts,win_chance,injured,top_stack,goalies,moves,strongest,weakest,best_value,biggest_reach,change_since_draft,rank
Luke,6,103.3,17.07,20.57,101,0.5417,3,TBL x3,3,3,defense,goalies,"Jack Eichel (R3, +4)","Tomas Hertl (R10, -22)",2.275,1
Jake,12,103,17.24,20.71,103,0.5364,0,NYR x3,4,0,defense,forwards,"Roman Josi (R5, +10)","Alex Laferriere (R12, -57)",0,2
Bryce,11,103,17.34,20.8,103,0.5354,0,BOS x4,3,0,defense,forwards,"Evan Bouchard (R2, -2)","Morgan Geekie (R6, -46)",0,3
Zack,1,102.8,16.72,20.28,102.8,0.5334,2,BUF x3,2,0,forwards,goalies,"Quinn Hughes (R4, +18)","Mathew Barzal (R13, -34)",1.421e-14,4
Liam,7,101.8,17.03,20.54,101.8,0.5141,1,NYR x3,3,0,forwards,defense,"Jordan Kyrou (R14, +9)","Will Cuylle (R12, -55)",2.842e-14,5
Lenny,9,101.7,16.94,20.47,101.5,0.5134,2,SJS x4,3,2,defense,goalies,"Shayne Gostisbehere (R14, +4)","Gabriel Vilardi (R11, -42)",0.2735,6
Elijah,3,100.9,17.83,21.21,100.9,0.4986,3,WSH x3,4,0,forwards,defense,"Erik Karlsson (R10, +18)","Joel Eriksson Ek (R12, -32)",0,7
Joe,4,100.6,16.19,19.85,100,0.4932,4,NYR x3,3,2,forwards,goalies,"Jackson LaCombe (R10, +4)","Alexis Lafreniere (R13, -45)",0.6191,8
Marshall,10,100.5,16.52,20.12,100.5,0.4914,2,SEA x3,4,0,goalies,forwards,"Logan Thompson (R5, +8)","Justin Faulk (R12, -33)",0,9
Daniel,2,99.48,16.3,19.94,98.45,0.4717,5,EDM x2,4,3,goalies,forwards,"Rasmus Dahlin (R5, +11)","Mikael Granlund (R13, -50)",1.021,10
Chris,5,98.53,16.86,20.4,98.53,0.455,2,NYI x3,4,0,forwards,defense,"Jack Hughes (R5, +7)","Dan Vladar (R10, -66)",0,11
Dylan,8,96.38,16.45,20.07,96.38,0.4155,2,TOR x3,3,0,goalies,defense,"David Pastrnak (R1, +0)","Mackenzie Blackwood (R9, -32)",0,12
